{
    "fooditems": {
        "Vegetarian": [
            {
                "imagealt": "Black Bean Burger Recipe",
                "imagepath": "img/vege/Black-Bean-Burger-Recipe.jpg",
                "price": 80,
                "title": "Black Bean Burger Recipe"
            },
            {
                "imagealt": "Egg Drop Wonton Soup",
                "imagepath": "img/vege/Egg-Drop-Wonton-Soup.jpg",
                "price": 90,
                "title": "Egg Drop Wonton Soup"
            },
            {
                "imagealt": "Healthy Coleslaw",
                "imagepath": "img/vege/Healthy-Coleslaw.jpg",
                "price": 100,
                "title": "Healthy Coleslaw"
            },
            {
                "imagealt": "Vegan Mushroom Stroganoff",
                "imagepath": "img/vege/Vegan-Mushroom-Stroganoff.jpg",
                "price": 150,
                "title": "Vegan Mushroom Stroganoff"
            }
        ],
        "Non-Vegetarian": [
            {
                "imagealt": "Crockpot Orange Chicken",
                "imagepath": "img/nonveg/Crockpot-Orange-Chicken.jpg",
                "price": 100,
                "title": "Crockpot Orange Chicken"
            },
            {
                "imagealt": "Healthy Chicken Chili",
                "imagepath": "img/nonveg/Healthy-Chicken-Chili.jpg",
                "price": 150,
                "title": "Healthy Chicken Chili"
            },
            {
                "imagealt": "Cooker Teriyaki Chicken",
                "imagepath": "img/nonveg/Cooker-Teriyaki-Chicken.jpg",
                "price": 150,
                "title": "Cooker Teriyaki Chicken"
            },
            {
                "imagealt": "Walnut Chicken Tender",
                "imagepath": "img/nonveg/Walnut-Chicken-Tender.jpg",
                "price": 150,
                "title": "Walnut Chicken Tender"
            }
        ],
        "Snacks": [
            {
                "imagealt": "Smoked Salmon Pinwheels",
                "imagepath": "img/snacks/Smoked-Salmon-Pinwheels.jpg",
                "price": 80,
                "title": "Smoked Salmon Pinwheels"
            },
            {
                "imagealt": "Fresh Salsa Recipe",
                "imagepath": "img/snacks/Fresh-Salsa-Recipe.jpg",
                "price": 100,
                "title": "Fresh Salsa Recipe"
            },
            {
                "imagealt": "Peanut Butter and Jelly",
                "imagepath": "img/snacks/Peanut-Butter-and-Jelly-Smoothie-Bowls.jpg",
                "price": 110,
                "title": "Peanut Butter and Jelly"
            },
            {
                "imagealt": "Easy Banana Bread",
                "imagepath": "img/snacks/Easy-Banana-Bread.jpg",
                "price": 50,
                "title": "Easy Banana Bread"
            }
        ],
        "Beverages": [
            {
                "imagealt": "Green Juice",
                "imagepath": "img/beverages/Green-Juice.jpg",
                "price": 40,
                "title": "Green Juice"
            },
            {
                "imagealt": "Crockpot Hot Chocolate",
                "imagepath": "img/beverages/Crockpot-Nutella-Hot-Chocolate.jpg",
                "price": 70,
                "title": "Crockpot Hot Chocolate"
            },
            {
                "imagealt": "Sparkling Peach Lemonade",
                "imagepath": "img/beverages/Sparkling-Peach-Lemonade.jpg",
                "price": 60,
                "title": "Sparkling Peach Lemonade"
            },
            {
                "imagealt": "Blueberry Peach Mojito",
                "imagepath": "img/beverages/Blueberry-Peach-Mojito.jpg",
                "price": 50,
                "title": "Blueberry Peach Mojito"
            }
        ]
    }
}